Czas,Użytkownik,Spółka Polska,Spółka Usa,Ticker Usa,Czy Usa,Spółka Świat,Ticker Świat,Czy Świat,Surowiec,Krypto,Community,Czy Streamer
2025-12-15 14:04:10,HeGz,PCF Group SA,Tronox Holdings plc,TROX,1,NIO Inc.,NIO,1,CRUDE OIL WTI,RENDER,,0
2025-12-30 12:37:46,michalkrkr,Cyber_Folks SA,Amazon,AMZN,1,Bayer AG NA,BAYN.DE,1,PALLADIUM,ADA,Delord,0
2025-12-30 12:46:23,Mystek_8,Cognor Holding SA,"Amazon",AMZN,1,ASML Holding N.V.,ASML,1,URANIUM,ETH,,0
2026-01-02 13:48:18,vvieczorek,Synektik SA,Meta Platforms,META,1,Vertiv Holdings Co,VRT,0,COBALT,SOL,Delordione,0
2026-01-01 11:57:50,bartek,Creotech Instruments SA,Rocket Lab Corporation,RKLB,1,Avio S.p.A.,AVIO.MI,1,URANIUM,BTC,smalczyk,0
2025-12-30 12:35:15,default,Orlen SA,"Tesla, Inc.",TSLA,1,NVIDIA Corporation,NVDA,0,GOLD,ETH,dicklorda,0
2025-12-30 12:35:19,Balin889,11 bit studios SA,Rocket Lab Corporation,RKLB,1,Rocket lab,RKLB,0,NATURAL GAS,BTC,suchar/smalczyk,0
2025-12-30 12:35:45,kacpizx6r,Synektik SA,Morgan Stanley,MS,1,Palo Alto Networks,PANW,0,SILVER,ETC,delordione,0
2025-12-30 12:36:07,mjutt,Ambra SA,"Nike, Inc.",NKE,1,Wolters Kluwer N.V.,WKL.AS,1,CRUDE OIL WTI,BTC,Delord,0
2025-12-30 12:36:19,GamblingMan2137,Wielton SA,Amazon,AMZN,1,Novo Nordisk,NVO,1,SILVER,BTC,Delordione,0
2025-12-30 12:36:21,WpierdalamGuwnoPL,11 bit studios SA,"NETFLIX, Inc.",NFLX,1,Brookfield Renewable Partners ,BEP,1,URANIUM,XRP,Ziarniak,0
2025-12-30 12:36:38,Dejman__,VRG SA,NVIDIA Corporation,NVDA,1,InPost,INPST.AS,1,GOLD,ETH,Delordione,0
2025-12-30 12:36:55,DupaKapibary,Benefit Systems SA,Novo Nordisk,NVO,0,"MercadoLibre, Inc. ",MELI,1,NATURAL GAS,XRP,delordione,0
2025-12-30 12:37:09,Adeo,Orlen SA,Kratos Defense,KTOS,1,Kratos Defense,KTOS,0,IRON ORE CFR CHINA,BTC,Delord,0
2025-12-30 12:37:44,adamgrabovviecki,Synektik SA,Palantir Technologies Inc.,PLTR,1,LPP SA,LPP.WA,0,SILVER,ETH,delordione smalec,0
2025-12-30 12:38:03,Wieszak,Pepco Group NV,"AST SpaceMobile, Inc.",ASTS,1,QUALCOMM Incorporated,QCOM,0,PLATINUM,ETH,Delordione,0
2025-12-30 12:38:14,Fill_Leap,XTB SA,NVIDIA Corporation,NVDA,1,Samsung Electronics Co,005930.KS,1,GOLD,ETH,Delordione,0
2025-12-30 12:38:25,Xyzao,Diagnostyka SA,Rocket Lab Corporation,RKLB,1,Rocket Lab Corporation,RKLB,0,HIGH GRADE COPPER,LINK,smalczyk,0
2025-12-30 12:38:37,cfahona,CD Projekt SA,Alphabet Inc.,GOOG,1,CD Projekt SA.,CDR,0,GOLD,BTC,delord,0
2026-01-02 11:10:45,lawniczak,Ekipa Holding SA,"Uber Technologies, Inc.",UBER,1,Paladin Energy Ltd,PDN.AX,1,URANIUM,BTC,delordione,0
2025-12-30 12:38:57,p1ez,ASBISc Enterprises plc,Advanced Micro Devices,AMD,1,BYD,1211.HK,1,PLATINUM,ETH,,0
2025-12-30 12:39:04,luqisayas,Prymus SA,Broadcom Inc.,AVGO,1,BYD,1211.HK,1,COBALT,LTC,delord,0
2025-12-30 12:39:16,dom3lek,Tarczyński SA,Intel Corporation,INTC,1,ASML Holding N.V.,ASML,1,SILVER,ETH,delord,0
2025-12-30 12:39:26,michallondyn,Mo-Bruk SA,"Arista Networks, Inc.",ANET,1,ASML Holding N.V.,ASML,1,URANIUM,BTC,delordione,0
2025-12-30 12:39:37,zwodek01,Amica SA,NVIDIA Corporation,NVDA,1,NVIDIA Corporation,NVDA,0,SILVER,BTC,Delordione,0
2025-12-30 12:39:58,nammaah,Synektik SA,POET Technologies Inc., POET,0,Holcim Ltd,HLBN.HM,1,PALLADIUM,BTC,Delord,0
2025-12-30 12:40:37,szdzuij,QNA Technology SA,Intel Corporation ,INTC,1,"Amazon",AMZN,0,NICKEL,XRP,Smalec (Delord),0
2025-12-30 12:40:53,l9michael,LPP SA,Alphabet Inc.,GOOG,1,Taiwan Semiconductor Manufacturing,TSM,1,HIGH GRADE COPPER,BTC,Delordione,0
2025-12-30 12:40:58,mmichas1,Auto Partner SA,Oracle Corporation,ORCL,1,STRABAG SE,XD4.HA,1,HIGH GRADE COPPER,SOL,Delordione,0
2025-12-30 12:41:10,Czekoladowykret,CD Projekt SA,Micron Technology Inc.,MU,1,Allianz SE,ALV,1,GOLD,BTC,Delord,0
2025-12-30 12:41:31,hyron_12,Polimex Mostostal SA,General Electric Co,GE,1,Siemens,SIE.DE,1,COBALT,BTC,Delordione ten grubas co botuje sobie liczby na kick.com aok,0
2025-12-30 12:41:48,comer9,Cognor Holding SA,"Amazon",AMZN,1,Taiwan Semiconductor Manufacturing,TSM,1,GOLD,BTC,8kowal,0
2025-12-30 12:41:55,Kamil1525,Neuca SA,Novo Nordisk,NVO,0,Alphabet Inc.,GOOG,0,URANIUM,BTC,Delord,0
2025-12-30 12:42:48,ULI_Adam,KGHM Polska Miedź SA,Energy Transfer LP (ET),ET,1,"German American Bancorp, Inc. (GABC)",GABC,1,URANIUM,BTC,Delordione,0
2025-12-30 12:42:58,Antecki_,Orlen SA,"Take-Two Interactive Software, Inc.",TTWO,1,Alphabet Inc.,GOOG,0,SILVER,DOGE,Delordione,0
2025-12-30 12:43:11,Kavson*,Mennica Polska SA,"Brand Engagement Network, Inc.",BNAI,1,InPost,INPST.AS,1,GOLD,SOL,Delord,0
2025-12-30 12:43:20,Dagon,XTB SA,ASML Holding N.V.,ASML,0,Semiconductor Manufacturing International Corporation,0981.HK,1,HIGH GRADE COPPER,ETH,delord,0
2025-12-30 12:43:26,kamrat_jozef,CD Projekt SA,"MARA Holdings, Inc.",MARA,1,Novo Nordisk,NVO,1,COBALT,XRP,delordione,0
2025-12-30 12:43:30,Dreyark,PGE SA,Ondas Holdings Inc.,ONDS,1,Siemens Energy AG,SIE.DE,1,GOLD,DOGE,Delmuś,0
2025-12-30 12:43:40,resetaxo,XTB SA,"Micron Technology, Inc.",MU,1,SK Hynix Inc,000660.KS,1,COBALT,SOL,kowal8,0
2025-12-30 12:43:44,Aaayron,LPP SA,Taiwan Semiconductor Manufacturing,TSM,0,Heidelberg Materials AG,HLBZF,1,HIGH GRADE COPPER,ETH,Delordione,0
2025-12-30 12:43:44,FINDEL,Diagnostyka SA,NVIDIA Corporation,NVDA,1,"Shopify, Inc. ",SHOP,1,COFFEE,ETH,Delord,0
2025-12-30 12:43:50,Grotis,XTB SA,Alphabet Inc.,GOOG,1,Sea Limited,SE,1,TIN REFINED,XLM,Delord,0
2025-12-30 12:43:57,DIRTY_D_O_G,Dino Polska SA,Fiserv Inc,FISV,1,Novo Nordisk,NVO,1,COFFEE,BTC,RandomBruceTV,0
2025-12-30 12:45:19,sahcim,Cognor Holding SA,Alphabet Inc.,GOOG,1,Tokyo Electron Limited,TOELF,1,GOLD,BTC,delord,0
2025-12-30 12:45:23,casperz_03,Orlen SA,NVIDIA Corporation,NVDA,1,"Capcom Co., Ltd.",9697.T,1,GOLD,BTC,delordione,0
2025-12-30 12:45:28,Wojwos,KGHM Polska Miedź SA,"Reddit, Inc.",RDDT,1,Tencent Holdings Ltd,0700.HK,1,SILVER,SOL,Delord,0
2025-12-30 12:46:00,biguss,ASBISc Enterprises plc,"Micron Technology, Inc.",MU,1,Semiconductor Manufacturing International Corporation,0981.HK,1,PLATINUM,BTC,delord,0
2025-12-30 12:47:49,playboiexy,Creotech Instruments SA,Palantir Technologies Inc.,PLTR,1,"MercadoLibre, Inc.",MELI,1,URANIUM,SOL,Delmicjusz ,0
2025-12-30 12:48:04,Orzeu,Murapol SA,Pfizer,PFE,1,Deckers,DECK,0,NATURAL GAS,ETH,Delord,0
2025-12-30 12:49:35,sie,Mirbud SA,"Constellation Brands, Inc.",STZ,1,UnitedHealth Group Incorporated,UNH,0,GOLD,ETH,delord,0
2025-12-30 12:50:24,short_input,Bridge Solutions Hub SA,"Evolv Technologies Holdings, Inc.",EVLV,1,"WuXi AppTec Co., Ltd.",2359.HK,1,COFFEE,DOGE,delord,0
2025-12-30 12:50:31,JMatt,Orlen SA,NVIDIA Corporation ,NVDA,1,Novo Nordisk,NVO,1,URANIUM,BTC,Smalec,0
2025-12-30 12:50:40,repspesec,Polimex Mostostal SA,Circle Internet Group,CRCL,1,Evolution AB,EVO.ST,1,PALLADIUM,HBAR,Dziku,0
2025-12-30 12:50:50,saaellor,CD Projekt SA,"NETFLIX, Inc.",NFLX,1,Bayer Aktiengesellschaft,BAYN.DE,1,SILVER,ETH,Delord,0
2025-12-30 12:51:55,fx_disunio_do_boba,PKO BP SA,Alphabet Inc.,GOOGL,1,ASML Holding N.V.,ASML,1,CRUDE OIL WTI,BTC,delordione,0
2025-12-30 12:53:06,Avistan,GreenX Metals Ltd.,Redwire Corporation,RDW,1,Emmerson PLC,EML.L,1,URANIUM,DOGE,Delord,0
2025-12-30 12:53:23,anastepnie,Synektik SA,Palantir Technologies Inc.,PLTR,1,Nu Holdings Ltd.,NU,1,SILVER,SOL,Delord,0
2025-12-30 12:53:46,jayjay,Celon Pharma SA,Advanced Micro Devices,AMD,1,ASML Holding N.V.,ASML,1,COCOA,XRP,delordione,0
2025-12-30 12:54:09,Szkielnik,Tauron PE SA,"Cisco Systems, Inc.",CSCO,1,Phison Electronics Corp.,8299.TWO,1,HIGH GRADE COPPER,ETH,delordione,0
2025-12-30 12:55:41,SHOK,11 bit studios SA,Symbiotic Inc.,SYM,1,Sea Limited,SE,1,NICKEL,ETH,Suchar,0
2025-12-30 12:56:06,Attys,Grenevia SA,Intel Corporation,INTC,1,StoneCo,STNE,1,PLATINUM,KAS,Delord,0
2025-12-30 12:57:58,8kowal,Benefit Systems SA,"Amazon",AMZN,1,Shopify Inc.,SHOP,1,GOLD,BTC,8kowal,0
2025-12-30 13:04:41,SvJuren,ZUE SA,Archer-Daniels-Midland Company,ADM,1,Tractor Supply Company,TSCO,0,URANIUM,ATOM,Gucio,0
2025-12-30 13:08:23,graci104,Trakcja SA,Praxis Precision Medicines,PRAX,1,Kinross Gold Corporation,KGC,1,HIGH GRADE COPPER,BNB,Delordione,0
2025-12-30 13:09:56,grubyben,PGE SA,Strategy Inc,MSTR,1,Heidelberg Materials AG,HLBZF,1,COCOA,XRP,delord,0
2025-12-30 13:14:42,kszyhu_uu,KGHM Polska Miedź SA,"Advanced Micro Devices",AMD,1,ASML Holding N.V.,ASML,1,PLATINUM,ETH,lukisteve,0
2025-12-30 13:15:00,Vemu,CD Projekt SA,Taiwan Semiconductor Manufacturing,TSM,0,Tencent Holdings Ltd,0700.HK,1,SILVER,USDC,rybson,0
2025-12-30 13:17:36,SzymkoQA,Cyber_Folks SA,Novo Nordisk,NVO,0,National Atomic Company Kazatomprom JSC,KAP.IL,1,PLATINUM,BTC,Delord,0
2025-12-30 13:17:46,cordixo,Cyber_Folks SA,AST SpaceMobile Inc,ASTS,1,Taiwan Semiconductor Manufacturing,TSM,1,SILVER,BTC,delord,0
2025-12-30 13:18:48,Cubes_2000,Neuca SA,"Micron Technology, Inc.",MU,1,Samsung Electronics Co,005930.KS,1,HIGH GRADE COPPER,ZEC,Delordione,0
2026-01-02 10:33:00,evenement*,Scanway SA,Rocket Lab Corporation,RKLB,1,Rheinmetall AG,RHM.DE,1,URANIUM,ETH,delord,0
2026-01-02 10:40:17,gol3mpodlaski,Cyber_Folks SA,Applied Digital,APLD,1,Taiwan Semiconductor Manufacturing,TSM,1,PLATINUM,BTC,delord,0
2025-12-30 13:25:34,fx_tbh,Cyber_Folks SA,"SoFi Technologies, Inc.",SOFI,1,Samsung Electronics Co,005930.KS,1,CORN,DOGE,khamires baza,0
2025-12-30 13:33:22,Voraz,Creotech Instruments SA,"SoundHound AI, Inc.",SOUN,1,BYD,1211.HK,1,URANIUM,KAS,delordione,0
2025-12-30 13:43:56,grzybek_7331,CD Projekt SA,"Micron Technology, Inc.",MU,1,ASML Holding N.V.,ASML,1,COBALT,BTC,delord,0
2025-12-30 13:44:32,Przemyk,Diagnostyka SA,Broadcom Inc.,AVGO,1,"MercadoLibre, Inc.",MELI,1,PLATINUM,SOL,Delordione,0
2025-12-30 13:51:14,late13,KGHM Polska Miedź SA,"Tesla, Inc.",TSLA,1,"DigitalBridge Group, Inc.",DBRG,0,COCOA,BTC,delordione ,0
2025-12-30 13:53:21,P3ppa97,Polwax SA,"Tesla, Inc.",TSLA,1,"Capcom Co., Ltd. ",9697.T,1,CLASS III MILK,ADA,delordione,0
2025-12-30 14:04:48,tartaowocowa,Polimex Mostostal SA,NuScale Power Corporation,SMR,1,Nebius Group N.V.,NBIS,1,URANIUM,BTC,og_malikrapgod,0
2025-12-30 14:22:57,h2p_gimbusek,Polimex Mostostal SA,"Amazon",AMZN,1,Legrand SA,LR.PA,1,ALUMINIUM HIGH GRADE,BTC,h2p_gucio,0
2025-12-30 14:30:13,durszlak_0,AmRest Holdings SE,"Okta, Inc.",OKTA,1,InPost,INPST.AS,1,PALLADIUM,XRP,od delorda,0
2025-12-30 16:39:06,Reksiooooo,Budimex SA,"Reddit, Inc.",RDDT,1,Alibaba Group Holding Limited,BABA,1,PALLADIUM,XAUT,Lewus,0
2025-12-30 16:42:14,adiq,Synektik SA,Apple Inc.,AAPL,1,Bitcoin USD,BTC,0,HIGH GRADE COPPER,ETH,delordione,0
2025-12-30 18:27:35,Smerf,Develia SA,Alphabet Inc.,GOOG,1,First Quantum Minerals Ltd.,FM.TO,1,SILVER,BTC,Delord,0
2025-12-30 19:20:15,Nexon228,LPP SA,"Advanced Micro Devices",AMD,1,ASML Holding N.V.,ASML,1,HIGH GRADE COPPER,BTC,Delord,0
2025-12-30 19:31:34,connery,Diagnostyka SA,Broadcom Inc.,AVGO,1,Siemens,SIE.DE,1,HIGH GRADE COPPER,BTC,delord,0
2025-12-31 13:55:43,Waldi237,Dadelo SA,Alphabet Inc.,GOOGL,1,Anheuser-Busch InBev SA/NV,ABI.BR,1,URANIUM,BNB,"Paweł ""Rzecznik Tuska"" Szabla",0
2025-12-30 21:50:54,Wozu,Orlen SA,The Walt Disney Company,DIS,1,Berkshire Hathaway Inc.,BRK-A,0,GOLD,BTC,Smalczyka,0
2025-12-30 21:56:08,BARNABO_BAZYLI,Creotech Instruments SA,"Amazon",AMZN,1,Novo Nordisk,NVO,1,URANIUM,BTC,DELMUŚ,0
2025-12-30 23:02:23,sheepkacper*,CD Projekt SA,"Take-Two Interactive Software, Inc.",TTWO,1,Schneider Electric S.E.,SU.PA,1,GOLD,BTC,delordione,0
2025-12-31 01:33:08,asap_bartek,CD Projekt SA,"IonQ, Inc.",IONQ,1,Reliance Industries Limited,RELIANCE.NS,1,URANIUM,BTC,delordione,0
2025-12-31 07:21:51,777shoty,CD Projekt SA,Funko Inc,FNKO,1,ASML Holding N.V.,ASML,1,COCOA,XRP,delord,0
2025-12-31 08:38:09,GreyManiac,Digital Network SA,"Cisco Systems, Inc.",CSCO,1,Sony Group Corporation,SONY,1,PLATINUM,ZEC,Sernikov,0
2025-12-31 08:38:33,skodaoctavia2006,Synektik SA,"Tesla, Inc.",TSLA,1,,,0,SILVER,BTC,smalec,0
2025-12-31 09:11:54,BialekPL,Creotech Instruments SA,"Micron Technology, Inc.",MU,1,NIO Inc. ,NIO,1,NICKEL,BTC,8kowal,0
2025-12-31 09:16:59,Rtii,Ultimate Games SA,PayPal,PYPL,1,Tencent Holdings Ltd,0700.HK,1,CRUDE OIL WTI,FIL,Delord,0
2025-12-31 09:26:23,Maksymilian Foltyn ,Cyber_Folks SA,PayPal,PYPL,1,ASML Holding N.V. ,ASML,1,URANIUM,ETH,Gucio ,0
2025-12-31 09:29:38,SikoraPL,Orlen SA,NVIDIA Corporation,NVDA,1,Korea Electric Power Corp,015760.KS,1,SILVER,BTC,Delmito,0
2025-12-31 09:30:04,cze1337,XTB SA,"Tesla, Inc.",TSLA,1,TESLA,TSLA,0,NATURAL GAS,BTC,gruby,0
2025-12-31 09:30:18,Dusiek,LPP SA,Sabre Corporation,SABR,1,Samsung Electronics Co,005930.KS,1,COCOA,ADA,delord,0
2025-12-31 09:30:34,Smetana,XTB SA,"Uber Technologies, Inc.",UBER,1,LPP SA,LPP.WA,0,PLATINUM,BTC,Delord,0
2025-12-31 09:32:01,Kolanko,Cyber_Folks SA,Alphabet Inc. ,GOOG,1,Tata Consultancy Services Limited,TCS.NS,1,PLATINUM,ETH,delord,0
2025-12-31 09:34:19,d30o,CD Projekt SA,NVIDIA Corporation,NVDA,1,Novo Nordisk,NVO,1,URANIUM,XRP,Delord,0
2025-12-31 09:35:05,shodi22,Tauron PE SA,Sphere Entertainment Co.,SPHR,1,"Baidu, Inc.",BIDU,1,GOLD,BTC,Delord,0
2025-12-31 09:38:18,szymsen1,CD Projekt SA,TROOPS Inc,TROO,1,ASML Holding N.V.,ASML,1,COTTON #2,XRP,Delordione,0
2025-12-31 09:38:39,Malbor,Synektik SA,Palantir Technologies Inc.,PLTR,1,Rheinmetall AG,RHM.DE,1,HIGH GRADE COPPER,SOL,Delord,0
2025-12-31 09:42:59,alcoholic_jichadist,Synektik SA,Vertex Pharmaceuticals Inc.,VRTX,1,Taiwan Semiconductor Manufacturing,TSM,1,URANIUM,SOL,DisStream,0
2025-12-31 09:45:08,sebko13,CD Projekt SA,Zeta Global Holdings Corp.,ZETA,1,PSI Software SE,PSAN.DE,1,GOLD,BTC,delord,0
2025-12-31 09:52:10,eskawuer,KGHM Polska Miedź SA,"Amazon",AMZN,1,NVIDIA Corporation,NVDA,0,HIGH GRADE COPPER,ETH,delordione,0
2025-12-31 10:15:08,sobicjusz,Digital Network SA,Zeta Global Holdings Corp,ZETA,1,Novo Nordisk,NVO,1,SILVER,ETH,delord,0
2025-12-31 10:35:45,Wertpos,Cognor Holding SA,"Amazon",AMZN,1,ASML Holding N.V.,ASML,1,NICKEL,BTC,Delord,0
2025-12-31 10:41:48,Bumbelo,Enea SA,NVIDIA Corporation,NVDA,1,Taiwan Semiconductor Manufacturing,TSM,1,GOLD,BTC,delord,0
2025-12-31 10:58:15,Michauhs,Dino Polska SA,Intel Corporation,INTC,1,Sanlam Limited,SLM.JO,1,ZINC HIGH GRADE,LTC,RandombruceTV,0
2025-12-31 11:12:09,Krzysiek_Ma98,XTB SA,"Tempus AI, Inc.",TEM,1,ASML Holding N.V.,ASML,1,SILVER,BTC,delordione,0
2025-12-31 11:31:11,WhiskeR,One More Level SA,NVIDIA Corporation,NVDA,1,ASUSTeK Computer Inc.,2357.TW,1,SILVER,XRP,Delord,0
2025-12-31 11:32:40,QuannaN,KGHM Polska Miedź SA,"Tesla, Inc.",TSLA,1,"Nintendo Co., Ltd.",NTDOY,1,HIGH GRADE COPPER,BTC,delordione,0
2025-12-31 11:42:05,Farmer,Benefit Systems SA,Alphabet Inc. ,GOOG,1,Samsung Electronics Co,005930.KS,1,SILVER,ETH,Delord,0
2025-12-31 11:42:17,4youuuu,PKO BP SA,NVIDIA Corporation,NVDA,1,,,0,SILVER,ADA,Delord,0
2025-12-31 12:17:40,Dybtas,XTB SA,Microsoft Corporation,MSFT,1,"Take-Two Interactive Software, Inc.",TTWO,0,GOLD,BTC,delordione,0
2025-12-31 12:19:25,Mimek_,Ekipa Holding SA,Amazon,AMZN,1,Amazon,AMZN,0,NATURAL GAS,FIL,od geja delorda,0
2025-12-31 12:20:04,szerkonator,JSW  SA,Beyond Meat,BYND,1,Beyond Meat,BYND,0,PLATINUM,USDT,,0
2025-12-31 12:23:59,vik1xd,Toya SA,Meta Platforms,META,1,Taiwan Semiconductor Manufacturing,TSM,1,SILVER,BNB,H2p_Gucio,0
2025-12-31 12:34:25,Frenzu,Polimex Mostostal SA,NIO Inc.,NIO,1,Deutsche Bank Aktiengesellschaft,DBK.DE,1,COBALT,ZEC,Delord,0
2025-12-31 12:51:16,Taxman,M Food SA,Vertex Pharmaceuticals Inc.,VRTX,1,Globex Mining Enterprises Inc.,GMX.TO,1,HIGH GRADE COPPER,LTC,Smalczyk,0
2025-12-31 13:01:55,Miodo18,Cyber_Folks SA,NVIDIA Corporation,NVDA,1,adidas AG,ADS.DE,1,GOLD,BTC,Delord,0
2025-12-31 13:02:25,zapytaj_google,Cyber_Folks SA,Taiwan Semiconductor Manufacturing,TSM,0,Taiwan Semiconductor Manufacturing,TSM,1,HIGH GRADE COPPER,XRP,delma,0
2025-12-31 13:20:16,Krs,CD Projekt SA,"Take-Two Interactive Software, Inc.",TTWO,1,Ubisoft Entertainment SA,UBI.PA,1,GOLD,BTC,delordione,0
2025-12-31 13:21:03,tomes235,mBank SA,Meta Platforms,META,1,Microsoft Corporation ,MSFT,0,GOLD,ETH,delord,0
2025-12-31 13:26:07,Zdzieboralkee,Orlen SA,ASML Holding N.V.,ASML,0,"Banco Comercial Português, S.A. ",BCP.LS,1,SILVER,ETH,delord,0
2025-12-31 13:28:28,mlosek,Budimex SA,Novo Nordisk,NVO,0,Kalmar Oyj,XK2.F,1,COCOA,BTC,delordione,0
2025-12-31 13:28:32,Antekgol,XTPL SA,Budimex SA ,BDX.WA,0,Tencent Holdings Ltd,0700.HK,1,ALUMINIUM HIGH GRADE,WBTC,Demonzz1,0
2025-12-31 13:33:35,Nagashis,Orlen SA,"Tesla, Inc.",TSLA,1,ASML Holding N.V. ,ASML,1,ALUMINIUM HIGH GRADE,BTC,Delordione,0
2025-12-31 13:42:03,tomas_vv,CD Projekt SA,Intel Corporation,INTC,1,Rheinmetall AG,RHM.DE,1,GOLD,ETH,Delord,0
2025-12-31 14:04:20,LapSanki,Kruk SA,"Take-Two Interactive Software, Inc.",TTWO,1,"MercadoLibre, Inc.",MELI,1,ALUMINIUM HIGH GRADE,BTC,Delord,0
2025-12-31 17:09:14,Cinek2030,Synektik SA,"Rigetti Computing, Inc.",RGTI,1,Samsung Electronics Co,005930.KS,1,HIGH GRADE COPPER,BTC,Delord,0
2025-12-31 20:49:55,Psh3m0__,Creotech Instruments SA,ASML Holding N.V.,ASML,0,NXP Semiconductors N.V.,NXPI,1,IRON ORE CFR CHINA,ETH,.,0
2025-12-31 23:26:06,jebniety_ksc,Benefit Systems SA,Alibaba Group Holding Limited,BABA,0,Alibaba Group Holding Limited,BABA,1,COBALT,HBAR,delordione,0
2026-01-01 00:41:45,Trajzega,XTB SA,Alphabet Inc.,GOOG,1,Rheinmetall AG,RHM.DE,1,HIGH GRADE COPPER,ETH,Delord,0
2026-01-01 03:27:32,tomM01l,XTB SA,"SoFi Technologies, Inc. ",SOFI,1,"MercadoLibre, Inc.",MELI,1,HIGH GRADE COPPER,BTC,delord,0
2026-01-01 09:22:23,suchy17,CD Projekt SA,"Take-Two Interactive Software, Inc. ",TTWO,1,Rheinmetall AG,RHM.DE,1,HIGH GRADE COPPER,ETH,H2P_Gucio,0
2026-01-01 09:26:21,Bous25,KGHM Polska Miedź SA,NVIDIA Corporation,NVDA,1,Rheinmetall AG,RHM.DE,1,GOLD,ETH,delord,0
2026-01-01 11:02:46,luxluciano,XPlus SA,Tonix Pharmaceuticals,TNXP,1,"Capcom Co., Ltd.",9697.T,1,GOLD,XRP,  delordione,0
2026-01-01 11:04:11,moijzesz,Zortrax SA,"Tesla, Inc. ",TSLA,1,LVMH Moët Hennessy,MC.PA,1,GOLD,SHIB,Konopsky,0
2026-01-01 11:04:51,Limbou,Orlen SA,NVIDIA Corporation,NVDA,1,Xiaomi Corporation,1810.HK,1,GOLD,BTC,delordione,0
2026-01-01 11:10:29,Gaxxxrot,Cyber_Folks SA,IREN Limited,IREN,0,ASML Holding N.V.,ASML,1,HIGH GRADE COPPER,ETH,  delordione,0
2026-01-01 11:28:03,sobi_01,Synektik SA,"Amazon",AMZN,1,Taiwan Semiconductor Manufacturing,TSM,1,SILVER,BTC,Delordione,0
2026-01-01 11:47:40,marakon,Mirbud SA,RTX Corporation,RTX,1,Yangzijiang Shipbuilding (Holdings) Ltd,BS6.SI,1,URANIUM,XMR,smalczyk,0
2026-01-01 11:49:30,alroyal,Orlen SA,NVIDIA Corporation,NVDA,1,"Sumitomo Dainippon Pharma Co., Ltd.",4506.T,1,GOLD,XRP,delordione,0
2026-01-01 12:03:42,Smithie,Airway Medix SA,NVIDIA Corporation,NVDA,1,,,0,NATURAL GAS,BTC,Smithie,0
2026-01-01 12:06:24,Nervil,CD Projekt SA,UiPath Inc.,PATH,1,Petróleo Brasileiro S.A.,PBR,1,URANIUM,ETH,,0
2026-01-01 12:07:04,H2P_Cwel,LPP SA,NVIDIA Corporation,NVDA,1,ASML Holding N.V.,ASML,1,GOLD,BTC,Smalczyk,0
2026-01-01 12:25:31,Techn1k_,Ambra SA,Realty Income Corporation,O,1,Wise plc,WISE,1,HIGH GRADE COPPER,BTC,różnie,0
2026-01-01 15:42:41,Stracilemnakrypto,CD Projekt SA,"Palantir Technologies Inc.",PLTR,1,"MercadoLibre, Inc.",MELI,1,SILVER,XRP,Delord/Franio,0
2026-01-01 16:53:22,slodkapinki,Wierzyciel SA,"Match Group, Inc.",MTCH,1,Kering SA,KER.PA,1,LEAD PIG,DOGE,pajalock,0
2026-01-01 22:09:23,kk4rol,Dino Polska SA,Intel Corporation,INTC,1,ASML Holding N.V. ,ASML,1,LEAD PIG,SUSDE,gruby d,0
2026-01-02 08:43:56,ryeore,XTB SA,Novo Nordisk,NVO,0,Text S.A.,TXT.WA,0,GOLD,BTC,delordione,0
2026-01-02 09:08:45,bIazej,Tauron PE SA,"Micron Technology, Inc.",MU,1,Zalando SE,ZAL.DE,1,GOLD,ADA,delordione,0
2026-01-02 09:20:03,skortam,Orlen SA,Alphabet Inc.,GOOG,1,ASML Holding N.V.,ASML,1,HIGH GRADE COPPER,BTC,delord,0
2026-01-02 09:49:38,Kubisz,Toya SA,Amazon,AMZN,1,,,0,PALLADIUM,BTC,Dildord,0
2026-01-02 10:15:13,mich4lex,XTB SA,"TransMedics Group, Inc.",TMDX,1,"Hims & Hers Health, Inc.",HIMS,0,PLATINUM,BTC,smalec,0
2026-01-02 10:36:54,manojezik,CD Projekt SA,Archer Aviation Inc.,ACHR,1,InPost,INPST.AS,1,GOLD,BTC,delordione,0
2026-01-02 10:38:21,NienormaIny,CD Projekt SA,"Take-Two Interactive Software, Inc.",TTWO,1,"MercadoLibre, Inc.",MELI,1,URANIUM,XRP,Delordione,0
2026-01-02 10:38:23,Nokedajunky,Zabka Group SA (Żabka),"Tesla, Inc.",TSLA,1,ASML Holding N.V.,ASML,1,NICKEL,BTC,Cuckoldione,0
2026-01-02 10:39:04,Stifi Wonder,Tauron PE SA,Plug Power Inc. (PLUG),PLUG,1,China ITS Holdings Co Ltd,1900.HK,1,GOLD,BTC,delord,0
2026-01-02 10:39:51,szczuras_,CD Projekt SA,"Waste Management, Inc.",WM,1,Nanoform Finland Oyj,4YL.F,1,GOLD,ETH,tego grubego co chuja wie a ciągle cos pierdoli,0
2026-01-02 10:54:05,Procek,QNA Technology SA,"Take-Two Interactive Software, Inc.",TTWO,1,Taiwan Semiconductor Manufacturing,TSM,1,SILVER,ETH,Delord,0
2026-01-02 11:03:34,nieprzysiadalny,Rainbow Tours SA,Pfizer,PFE,1,Fujitsu Limited,6702.T,1,COBALT,BTC,delord,0
2026-01-02 11:14:06,kwert,Vigo Photonics SA,NVIDIA Corporation,NVDA,1,Novo Nordisk,NVO,1,GOLD,SOL,khamires,0
2026-01-02 11:24:31,nepq,CD Projekt SA,Oracle Corporation,ORCL,1,Taiwan Semiconductor Manufacturing,TSM,1,GOLD,BTC,delord,0
2026-01-02 11:32:49,KulawyBartek,CD Projekt SA,Alexandria Real Estate Equities Inc,ARE,1,Novo Nordisk,NVO,1,PLATINUM,BTC,Delordione,0
2026-01-02 12:08:54,moscovik,Benefit Systems SA,"Amazon",AMZN,1,Rheinmetall AG,RHM.DE,1,PALLADIUM,BTC,smalczyk,0
2026-01-02 13:52:20,Blackwizzzard,LPP SA,Advanced Micro Devices,AMD,1,Novo Nordisk,NVO,1,ALUMINIUM HIGH GRADE,BTC,,0
2026-01-02 14:16:23,Daniel_53,Orlen SA,NVIDIA Corporation,NVDA,1,Siemens,SIE.DE,1,GOLD,BTC,Delord,0
2026-01-02 19:12:25,ziaziav9,Synektik SA,"AST SpaceMobile, Inc. ",ASTS,1,Grab Holdings Limited,GRAB,1,PALLADIUM,BTC,,0
2026-01-02 19:40:10,mrcngrcki,Orlen SA,NVIDIA Corporation,NVDA,1,InPost,INPST.AS,1,NATURAL GAS,BTC,Delord,0
2026-01-02 19:55:20,Biskup21,Cyber_Folks SA,"Huntington Ingalls Industries, Inc.",HII,1,Saab AB ,SAABY,1,COCOA,BTC,8kowal,0
2026-01-02 20:05:37,kopecki,Polimex Mostostal SA,GE Vernova Inc.,GEV,1,Siemens,SIE.DE,1,SILVER,BTC,delord,0
2026-01-02 21:45:38,wizyg_,Kogeneracja SA,Ouster Inc,OUST,1,Ferrari N.V.,RACE.MI,1,URANIUM,ETH,Delord,0
2026-01-03 01:23:02,SzaMan512,Digital Network SA,"BlackRock, Inc",BLK,1,Enlight Renewable Energy Ltd,ENLT,1,GOLD,SHIB,Ortis,0
2026-01-03 07:57:32,khamires,QuarticOn SA w upadłości w upadłości,Spirit Aviation Holdings,FLYYQ,1,WPP plc,WPP.L,1,COCOA,USDT,khamires,0
2026-01-03 08:18:34,xgibka,RRH Group SA,Rocket Lab Corporation,RKLB,1,Nebius Group NV,NBIS,1,SILVER,BNB,Mamm0n,0
2026-01-03 08:20:24,cluesia,Intermarum SA,NVIDIA Corporation,NVDA,1,CD Projekt SA,CDR.WA,0,PALLADIUM,LINK,delordione,0
2026-01-03 08:26:45,graf_to_konfident,Santander Bank Polska SA,Eli Lilly and Company,LLY,1,Novo Nordisk,NVO,1,HIGH GRADE COPPER,BTC,Graf,0
2026-01-03 10:24:47,Chipsu,Cognor Holding SA,"SoFi Technologies, Inc.",SOFI,1,Hesai Group,2525.HK,1,HIGH GRADE COPPER,BNB,delmito,0
2026-01-03 11:12:27,dmoszq,Skarbiec Holding SA,Spotify,SPOT,1,ASML Holding N.V.,ASML,1,GOLD,BTC,smalca,0
2026-01-03 11:15:17,majqutek,DataWalk SA,Sabre,SABR,1,WH Smith PLC,SMWH.L,1,GOLD,ETH,delordione,0
2026-01-03 11:16:00,kyuba,Cyber_Folks SA,"Amazon",AMZN,1,InPost,INPST.AS,1,HIGH GRADE COPPER,SOL,Delord,0
2026-01-03 11:17:21,Trawienny,Orlen SA,Broadcom Inc.,AVGO,1,Rheinmetall AG,RHM.DE,1,GOLD,BTC,delordione,0
2026-01-03 11:17:22,Kimabe,Cyfrowy Polsat SA,"Tesla, Inc.",TSLA,1,ASML Holding N.V.,ASML,1,HIGH GRADE COPPER,BTC,Delord,0
2026-01-03 11:20:12,wals,Mirbud SA,"Constellation Brands, Inc.",STZ,1,Taiwan Semiconductor Manufacturing,TSM,1,GOLD,ETH,delord,0
2026-01-03 11:36:51,Mefasa,CD Projekt SA,Apple Inc.,AAPL,1,ASML Holding N.V.,ASML,1,COBALT,XRP,  delordione,0
2026-01-03 11:38:49,Ronner,Synektik SA,"Tesla, Inc.",TSLA,1,NVIDIA Corporation,NVDA,0,COFFEE,BTC,Delordione,0
2026-01-03 11:40:25,waj3r,CD Projekt SA,"Tesla, Inc.",TSLA,1,Toyota Motor Corporation,TM,1,PALLADIUM,DOGE,delord,0
2026-01-03 11:40:40,najebatsu*,AB SA,NVIDIA Corporation,NVDA,1,Novo Nordisk,NVO,1,GOLD,LTC,Delorda,0
2026-01-03 11:41:29,Honervogt,Rainbow Tours SA,"NextEra Energy, Inc.",NEE,1,ASML Holding N.V. ,ASML,1,GOLD,SOL,Delordione,0
2026-01-03 11:41:40,tymmek1,XTB SA,"Amazon",AMZN,1,Tencent Holdings Ltd,0700.HK,1,COBALT,BTC,delmito,0
2026-01-03 11:46:02,Karigoda,Molecure SA,"Rocket Lab USA, Inc.",RKLB,1,Scanway S.A.,SCW,0,URANIUM,SOL,Delordione,0
2026-01-03 11:42:24,VincentVanSzpont,Neuca SA,Alphabet Inc.,GOOG,1,Marathon UCITS Funds UK Equity A GBP,0P0001II0C.L,0,TIN REFINED,SOL,delordione,0
2026-01-03 11:43:10,Hahri,XTB SA,Alphabet Inc.,GOOG,1,ASML Holding N.V.,ASML,1,GOLD,BTC,Delord,0
2026-01-03 11:43:12,Sayec,Passus SA,Alphabet Inc.,GOOG,1,Taiwan Semiconductor Manufacturing,TSM,1,GOLD,BTC,delord,0
2026-01-03 11:46:51,MikeLemmi,CD Projekt SA,Take-Two Interactive Software Inc.,TTWO,1,Western Digital Corporation,WDC,0,GOLD,BTC,delordione,0
2026-01-03 12:10:40,Świeżak2K,Dino Polska SA,NVIDIA Corporation,NVDA,1,"Chery Automobile Co., Ltd.",9PB.F,1,GOLD,BTC,Paweł Szabla,0
2026-01-03 13:46:28,Vasco_Da_Grama,Izostal SA,"Roku, Inc.",ROKU,1,Wizz Air Holdings Plc,WIZZ.L,1,CRUDE OIL WTI,BTC,Sernikov,0
2026-01-03 15:33:00,G2_Jankokos,Orlen SA,Exxon Mobil Corporation,XOM,1,National Atomic Company Kazatomprom JSC,KAP.IL,1,URANIUM,QNT,Delord,0
2026-01-03 17:27:57,Yogo4,XTB SA,NVIDIA Corporation,NVDA,1,InPost,INPST.AS,1,URANIUM,BTC,Delord,0
2026-01-03 19:37:34,Peter Heel,XTB SA,Serve Robotics Inc.,SERV,1,InPost,INPST.AS,1,CORN,LINK,Delord,0
2026-01-03 20:46:15,xGRUL,Grupa Pracuj SA,Cipher Mining Inc.,CIFR,1,"MercadoLibre, Inc.",MELI,1,HIGH GRADE COPPER,XRP,delord,0
2026-01-05 07:39:54,czarooh,Mostostal Warszawa SA,Rocket Lab Corporation,RKLB,1,Taiwan Semiconductor Manufacturing,TSM,1,PALLADIUM,BTC,Delordione,0
2026-01-05 07:47:49,tuxoo,Molecure SA,Altimmune,ALT,1,Ocado Group,OCDO.L,1,URANIUM,ETH,delord,0
2026-01-05 07:48:16,Control,Dino Polska SA,"Nike, Inc.",NKE,1,Novo Nordisk,NVO,1,GOLD,XRP,Gucci,0
2026-01-05 07:52:53,werwolwes_michael,Synektik SA,"Take-Two Interactive Software, Inc.",TTWO,1,InPost,INPST.AS,1,SILVER,DOGE,Xayoo_,0
2026-01-05 08:52:50,morthan11,Synektik SA,Advanced Micro Devices,AMD,1,Taiwan Semiconductor Manufacturing,TSM,1,URANIUM,LEO,smalec,0
2026-01-05 08:53:27,Crash,Text SA,Berkshire Hathaway Inc.,BRK-A,1,Ferrari N.V.,RACE,1,URANIUM,BTC,Smalczyk,0
2026-01-05 08:53:39,lobotomia_rzydow_siekiera,Asseco Poland SA,Chevron Corporation,CVX,1,Japan Tobacco Inc. ,JAPAF,1,PLATINUM,SOL,Smalec,0
2026-01-05 09:15:24,xsedlife,Dino Polska SA,"Advanced Micro Devices",AMD,1,Xiaomi Corporation,1810.HK,1,SILVER,ETH,delordione,0
2026-01-05 09:47:15,Lownoad,Zabka Group SA (Żabka),Palantir Technologies Inc.,PLTR,1,"Ping An Insurance (Group) Company of China, Ltd.",2318.HK,1,COCOA,SOL,Delord,0
2026-01-05 10:21:26,sawik,Orlen SA,"Advanced Micro Devices",AMD,1,Saudi Aramco Base Oil Company - Luberef,2223.SR,1,COFFEE,ETH,delord,0
2026-01-05 10:43:53,h2p_foliarz,Kruk SA,Alphabet Inc.,GOOG,1,Alphabet Inc.,GOOG,0,URANIUM,DOGE,"Gucci, Smlaci, Kacci",0
2026-01-05 10:48:51,crisisboi,XTB SA,Avino Silver & Gold Mines Ltd,ASM,0,Samsung Electronics Co,005930.KS,1,GOLD,ETH,smalczyk,0
2026-01-05 11:10:04,Hotarti,Cognor Holding SA,Cipher Mining Inc.,CIFR,1,Randstad N.V.,RAND.AS,1,URANIUM,BTC,Mokry Suchar aka Ziarniak,0
2026-01-05 11:14:21,siemacho2137,Tech Robotics SA,"Tesla, Inc.",TSLA,1,"Capcom Co., Ltd.",9697.T,1,PLATINUM,LTC,Delord,0
2026-01-05 11:15:31,El CapitanQ,Dino Polska SA,GSI Technology,GSIT,1,Zscaler Inc,ZS,0,GOLD,BTC,delordione,0
2026-01-05 11:17:46,G4chu,CD Projekt SA,Intel Corporation,INTC,1,The Asia Dow,^ADOW,0,GOLD,ETH,Delord,0
2026-01-05 11:17:58,staszek12,PKO BP SA,NVIDIA Corporation,NVDA,1,Airbus SE,AIR.PA,1,GOLD,ETH,delordione,0
2026-01-05 11:20:35,nei_mam_nazwy,Energa SA,Exxon Mobil Corporation,XOM,1,ASML Holding N.V.,ASML,1,SILVER,PYUSD,delord,0
2026-01-05 11:20:42,Greyclif,LPP SA,"Micron Technology, Inc.",MU,1,"Micronics Japan Co., Ltd. ",6871.T,1,SILVER,XRP,Delordione (Delordzik),0
2026-01-05 11:21:58,Darrside,LPP SA,JPMorgan Chase & Co.,JPM,1,NVIDIA Corporation,NVDA,0,GOLD,BTC,Delordione,0
2026-01-05 11:23:26,philkin,Synektik SA,Palantir Technologies Inc.,PLTR,1,ASML Holding N.V.,ASML,1,HIGH GRADE COPPER,BTC,smalczyk,0
2026-01-05 11:24:20,synkhamiresa,KGHM Polska Miedź SA,Taiwan Semiconductor Manufacturing,TSM,0,Montana Aerospace AG,AEROZ.XC,1,HIGH GRADE COPPER,BTC,khamires,0
2026-01-05 11:27:23,Lechu,PKO BP SA,Chevron Corporation,CVX,1,BYD,1211.HK,1,PLATINUM,XRP,Dildord,0
2026-01-05 11:34:35,ryzykowny inwestor,Passus SA,T1 Energy Inc.,TE,1,Novo Nordisk,NVO,1,HIGH GRADE COPPER,XRP,delord,0
2026-01-05 11:38:51,sadurka,Bioceltix SA,"Super Micro Computer, Inc.",SMCI,1,Samsung Electronics Co,005930.KS,1,URANIUM,RENDER,Patiro,0
2026-01-05 11:40:31,leonidass,CD Projekt SA,Broadcom Inc.,AVGO,1,SK Hynix,000660.KS,1,URANIUM,BTC,delord,0
2026-01-05 11:48:07,Srembix,Tauron PE SA,"Tesla, Inc.",TSLA,1,KGX.F,CVX,1,GOLD,ETH,smalczito,0
2026-01-05 11:58:38,Bombel,Orlen SA,NVIDIA Corporation,NVDA,1,ASML Holding N.V.,ASML,1,COCOA,BTC,Smalczyk,0
2026-01-05 12:00:31,ShocK1999,PlayWay SA,Pony AI Inc.,PONY,0,ASML Holding N.V.,ASML,1,SILVER,SOL,xn,0
2026-01-05 12:03:22,TwojStaryNajebany,Orange Polska SA,Broadcom Inc.,AVGO,1,ASML Holding N.V.,ASML,1,HIGH GRADE COPPER,SOL,Pavel Szablonikov,0
2026-01-05 12:06:52,galniketcher,Diagnostyka SA,"BWX Technologies, Inc.",BWXT,1,Airbus SE,AIR.PA,1,COTTON #2,BTC,delord,0
2026-01-05 12:13:35,r_garnuszek,Danks SA,Lockheed Martin,LMT,1,Tencent Holdings Ltd,0700.HK,1,COCOA,BNB,guciu,0
2026-01-05 12:21:16,krysket,PZU SA,"The Goldman Sachs Group, Inc.",GS,1,JPMorgan Chase & Co.,JPM,0,GOLD,BTC,delordione,0
2026-01-05 12:35:17,yawokim,Digital Network SA,Microsoft Corporation,MSFT,1,XTB S.A.,XTB.WA,0,URANIUM,ETH,overpow,0
2026-01-05 12:35:30,Bakus,XTB SA,Cipher Mining Inc,CIFR,1,Novo Nordisk,NVO,1,PLATINUM,BTC,Hotarti,0
2026-01-05 13:35:55,czlowiek_rel,Zabka Group SA (Żabka),Marathon Petroleum Corporation,MPC,1,Snowflake Inc.,SNOW,0,WHEAT,BTC,delordione,0
2026-01-05 13:38:13,Czujuu,Zabka Group SA (Żabka),Alphabet Inc.,GOOG,1,Alibaba Group Holding Limited,BABA,1,HIGH GRADE COPPER,DOGE,delord,0
2026-01-05 14:07:33,kuba_o7,Amica SA,"Take-Two Interactive Software, Inc.",TTWO,1,Novo Nordisk,NVO,1,SILVER,BTC,Delord,0
2026-01-05 19:09:06,Ondum,CD Projekt SA,Apple Inc.,AAPL,1,CD Projekt SA,CDR.WA,0,GOLD,BTC,szymool,0
2026-01-05 19:09:21,Benoeg,Minutor Energia SA,"Tesla, Inc.",TSLA,1,Nasdaq,NDAQ,0,GOLD,ETH,Szymool,0
2026-01-05 19:10:51,Kawalgoata,Saule Technologies SA,Palantir Technologies Inc.,PLTR,1,Tencent Holdings Ltd,0700.HK,1,SILVER,ETH,szymool,0
2026-01-05 19:12:28,Qurpik,Gamivo SA,"Lyft, Inc.",LYFT,1,"MercadoLibre, Inc.",MELI,1,COFFEE,BTC,Smalczyk,0
2026-01-05 20:18:54,peurxz,CD Projekt SA,NVIDIA Corporation,NVDA,1,FUJIFILM Holdings Corporation,4901.T,1,SILVER,BTC,delord,0
2026-01-05 21:10:25,leny_zawodowiec,Dino Polska SA,Alphabet Inc.,GOOG,1,Alphabet Inc.,GOOG,0,SILVER,ETH,delord,0
2026-01-05 21:46:20,Meeds,LPP SA,Amazon,AMZN,1,BYD,1211.HK,1,GOLD,BTC,Delordione,0
2026-01-05 22:08:54,kapi2410,Cyber_Folks SA,Accenture plc,ACN,0,Novo Nordisk,NVO,1,HIGH GRADE COPPER,ETH,Smalczyk,0
2026-01-05 22:15:05,thepyrkowaty,Enter Air SA,"Cloudflare, Inc.",NET,1,SK hynix Inc.,000660.KS,1,HIGH GRADE COPPER,BTC,delordione,0
2026-01-05 22:40:26,ONBananaOFF,Binary Helix SA,AMC Networks Inc. ,AMCX,1,Fanuc Corporation ,6954.T,1,CRUDE OIL WTI,TRX,delordione,0
2026-01-05 23:59:06,danio418,CD Projekt SA,Garmin LTD.,GRMN,1,Mitsubishi UFJ Financial Group,8306.T,1,PALLADIUM,XMR,RandomBruceTV,0
2025-12-19 18:43:41,vandiii,XTB SA,Berkshire Hathaway Inc.,BRK-A,1,AstraZeneca PLC,AZN.L,1,GOLD,BTC,vandiii,1
2025-12-30 10:43:51,Lewus,XTB SA,Alphabet Inc.,GOOG,1,Novo Nordisk A/S,NVO,1,HIGH GRADE COPPER,BNB,Lewus,1
2025-12-30 12:32:43,MokrySuchar,KGHM Polska Miedź SA,Amazon,AMZN,1,"Advanced Micro Devices",AMD,0,GOLD,SOL,MokrySuchar,1
2025-12-30 12:37:04,delord,XTB SA,United Health,UNH,1,LVMH Moët Hennessy Louis Vuitton SE,MC.PA,1,HIGH GRADE COPPER,DOGE,delordione,1
2026-01-03 13:57:08,Patiro,KGHM Polska Miedź SA,Strategy Inc,MSTR,1,Bayer Aktiengesellschaft,BAYN.DE,1,COCOA,ETH,Patiro,1
2026-01-04 11:14:22,Gaweł,XTB SA,Apple Inc.,AAPL,1,"Seven & i Holdings Co., Ltd.",SVNDY,1,GOLD,BTC,Gaweł,1
2026-01-04 15:58:32,Kubon,Ekipa Holding SA,Intel Corporation,INTC,1,,,0,SILVER,BNB,Kubon,1
2026-01-04 16:19:23,xntentacion,Lubawa SA,RTX Corporation,RTX,1,Tencent Holdings Limited,0700.HK,1,HIGH GRADE COPPER,ZEC,xntentacion,1
2026-01-06 00:09:25,Wysek,Creotech Instruments SA,Palantir Technologies,PLTR,1,Boczniak Investments,BKINV,0,HIGH GRADE COPPER,SOL,Wysek,1
2026-01-05 19:02:26,szymool,Pepco Group NV,chevron,CVX,1,China Telecom Corporation Limited,0728.HK,1,GOLD,BTC,szymool,1